id,type,unit_id,title,release_date,now_available,coding,resources,files,overview,section_overview,doi,total_time,playlist,section_id,section_title,section_img,section_time,cc,google_community
1,U,1,Course Introduction,Available Now,True,,,,"<p>Geoffrey gives a short introduction to the course covering it's content and structure. He presents the X-Informatics fields (defined values of X) and the Rallying cry of course: Use Clouds running Data Analytics Collaboratively processing Big Data to solve problems in X-Informatics (or e-X). The courses is set up as a MOOC divided into units that vary in length but are typically around an hour and those are further subdivided into 5-15 minute lessons.</p><p>The course covers a mix of applications (the X in X-Informatics) and technologies needed to support the field electronically i.e. to process the application data. The introduction ends with a discussion of course content at highest level.</p><p>The course starts with a longish Motivation unit summarizing clouds and data science, then units describing applications (X = Physics, e-Commerce, Web Search and Text mining, Health, Sensors and Remote Sensing). These are interspersed with discussions of infrastructure (clouds) and data analytics (algorithms like clustering and collaborative filtering used in applications)</p><p>The course uses either Python or Java and there are Side MOOCs discussing Python and Java tracks.</p>","<p>This section has a technical overview of course followed by a broad motivation for course.</p><p>The course overview covers it's content and structure. It presents the X-Informatics fields (defined values of X) and the Rallying cry of course: Use Clouds running Data Analytics Collaboratively processing Big Data to solve problems in X-Informatics ( or e-X). The courses is set up as a MOOC divided into units that vary in length but are typically around an hour and those are further subdivided into 5-15 minute lessons. The course covers a mix of applications (the X in X-Informatics) and technologies needed to support the field electronically i.e. to process the application data. The overview ends with a discussion of course content at highest level. The course starts with a longish Motivation unit summarizing clouds and data science, then units describing applications (X = Physics, e-Commerce, Web Search and Text mining, Health, Sensors and Remote Sensing). These are interspersed with discussions of infrastructure (clouds) and data analytics (algorithms like clustering and collaborative filtering used in applications). The course uses either Python or Java and there are Side MOOCs discussing Python and Java tracks.</p><p>The course motivation starts with striking examples of the data deluge with examples from research, business and the consumer. The growing number of jobs in data science is highlighted. He describes industry trend in both clouds and big data. Then the cloud computing model developed at amazing speed by industry is introduced. The 4 paradigms of scientific research are described with growing importance of data oriented version.He covers 3 major X-informatics areas: Physics, e-Commerce and Web Search followed by a broad discussion of cloud applications. Parallel computing in general and particular features of MapReduce are described. He comments on a data science education and the benefits of using MOOC's.</p>",XIBD1_Intro_1v1,48min,PLy0VLh_GFyz-nLTDNMGMNbsZAkr0-ZemP,1,Introduction,Introduction.jpg,2h 48min,,5f3d6fc0-b89a-4d27-815c-51f68dea321e
2,U,2,Course Motivation: Big Data and Clouds,Available Now,True,,"<ul><li><a href='http://www.gartner.com/technology/home.jsp' target='_blank'>http://www.gartner.com/technology/home.jsp</a> and many web links</li><li>Meeker/Wu May 29 2013 Internet Trends D11 Conference <a href='http://www.slideshare.net/kleinerperkins/kpcb-internet-trends-2013' target='_blank'>http://www.slideshare.net/kleinerperkins/kpcb-internet-trends-2013</a></li><li><a href='http://cs.metrostate.edu/~sbd/slides/Sun.pdf' target='_blank'>http://cs.metrostate.edu/~sbd/slides/Sun.pdf</a></li><li>Taming The Big Data Tidal Wave: Finding Opportunities in Huge Data Streams with Advanced Analytics, Bill Franks Wiley ISBN: 978-1-118-20878-6</li><li>Bill Ruh <a href='http://fisheritcenter.haas.berkeley.edu/Big_Data/index.html' target='_blank'>http://fisheritcenter.haas.berkeley.edu/Big_Data/index.html</a></li><li><a href='http://www.genome.gov/sequencingcosts/' target='_blank'>http://www.genome.gov/sequencingcosts/</a></li><li>CSTI General Assembly 2012, Washington, D.C., USA Technical Activities Coordinating Committee (TACC) Meeting, Data Management, Cloud Computing and the Long Tail of Science October 2012 Dennis Gannon</li><li><a href='http://www.microsoft.com/en-us/news/features/2012/mar12/03-05CloudComputingJobs.aspx' target='_blank'>http://www.microsoft.com/en-us/news/features/2012/mar12/03-05CloudComputingJobs.aspx</a></li><li><a href='http://www.mckinsey.com/mgi/publications/big_data/index.asp' target='_blank'>http://www.mckinsey.com/mgi/publications/big_data/index.asp</a></li><li>Tom Davenport <a href='http://fisheritcenter.haas.berkeley.edu/Big_Data/index.html' target='_blank'>http://fisheritcenter.haas.berkeley.edu/Big_Data/index.html</a></li><li><a href='http://research.microsoft.com/en-us/people/barga/sc09_cloudcomp_tutorial.pdf' target='_blank'>http://research.microsoft.com/en-us/people/barga/sc09_cloudcomp_tutorial.pdf</a></li><li><a href='http://research.microsoft.com/pubs/78813/AJ18_EN.pdf' target='_blank'>http://research.microsoft.com/pubs/78813/AJ18_EN.pdf</a></li><li><a href='http://www.google.com/green/pdfs/google-green-computing.pdf' target='_blank'>http://www.google.com/green/pdfs/google-green-computing.pdf</a></li><li><a href='http://www.wired.com/wired/issue/16-07' target='_blank'>http://www.wired.com/wired/issue/16-07</a></li><li><a href='http://research.microsoft.com/en-us/collaboration/fourthparadigm/' target='_blank'>http://research.microsoft.com/en-us/collaboration/fourthparadigm/</a></li><li>Jeff Hammerbacher <a href='http://berkeleydatascience.files.wordpress.com/2012/01/20120117berkeley1.pdf' target='_blank'>http://berkeleydatascience.files.wordpress.com/2012/01/20120117berkeley1.pdf</a></li><li><a href='http://grids.ucs.indiana.edu/ptliupages/publications/Where%20does%20all%20the%20data%20come%20from%20v7.pdf' target='_blank'>http://grids.ucs.indiana.edu/ptliupages/publications/Where%20does%20all%20the%20data%20come%20from%20v7.pdf</a></li><li><a href='http://www.interactions.org/cms/?pid=1032811' target='_blank'>http://www.interactions.org/cms/?pid=1032811</a></li><li><a href='http://www.quantumdiaries.org/2012/09/07/why-particle-detectors-need-a-trigger/atlasmgg/' target='_blank'>http://www.quantumdiaries.org/2012/09/07/why-particle-detectors-need-a-trigger/atlasmgg/</a></li><li><a href='http://www.sciencedirect.com/science/article/pii/S037026931200857X' target='_blank'>http://www.sciencedirect.com/science/article/pii/S037026931200857X</a></li><li><a href='http://www.slideshare.net/xamat/building-largescale-realworld-recommender-systems-recsys2012-tutorial' target='_blank'>http://www.slideshare.net/xamat/building-largescale-realworld-recommender-systems-recsys2012-tutorial</a></li><li><a href='http://www.ifi.uzh.ch/ce/teaching/spring2012/16-Recommender-Systems_Slides.pdf' target='_blank'>http://www.ifi.uzh.ch/ce/teaching/spring2012/16-Recommender-Systems_Slides.pdf</a></li><li><a href='http://en.wikipedia.org/wiki/PageRank' target='_blank'>http://en.wikipedia.org/wiki/PageRank</a></li><li><a href='http://pages.cs.wisc.edu/~beechung/icml11-tutorial/' target='_blank'>http://pages.cs.wisc.edu/~beechung/icml11-tutorial/</a></li><li><a href='https://sites.google.com/site/opensourceiotcloud/' target='_blank'>https://sites.google.com/site/opensourceiotcloud/</a></li><li><a href='http://datascience101.wordpress.com/2013/04/13/new-york-times-data-science-articles/' target='_blank'>http://datascience101.wordpress.com/2013/04/13/new-york-times-data-science-articles/</a></li><li><a href='http://blog.coursera.org/post/49750392396/on-the-topic-of-boredom' target='_blank'>http://blog.coursera.org/post/49750392396/on-the-topic-of-boredom</a></li><li><a href='http://x-informatics.appspot.com/course' target='_blank'>http://x-informatics.appspot.com/course</a></li><li><a href='http://iucloudsummerschool.appspot.com/preview' target='_blank'>http://iucloudsummerschool.appspot.com/preview</a></li><li><a href='https://www.youtube.com/watch?v=M3jcSCA9_hM' target='_blank'>https://www.youtube.com/watch?v=M3jcSCA9_hM</a></li></ul>",,"<p>Geoffrey motivates the study of X-informatics by describing data science and clouds. He starts with striking examples of the data deluge with examples from research, business and the consumer. The growing number of jobs in data science is highlighted. He describes industry trend in both clouds and big data.</p><p>He introduces the cloud computing model developed at amazing speed by industry. The 4 paradigms of scientific research are described with growing importance of data oriented version. He covers 3 major X-informatics areas: Physics, e-Commerce and Web Search followed by a broad discussion of cloud applications. Parallel computing in general and particular features of MapReduce are described. He comments on a data science education and the benefits of using MOOC's.</p>",,XIBD1_Motiv_1v1,2h,PLy0VLh_GFyz8rlInxHNrireK3oFO4Kurc,1,Introduction,,,,5f3d6fc0-b89a-4d27-815c-51f68dea321e
3,U,3,Part I: Data Science generics and Commercial Data Deluge,Available Now,True,,<ul><li><a href='http://www.microsoft.com/en-us/news/features/2012/mar12/03-05CloudComputingJobs.aspx' target='_blank'>http://www.microsoft.com/en-us/news/features/2012/mar12/03-05CloudComputingJobs.aspx</a></li><li><a href='http://www.mckinsey.com/mgi/publications/big_data/index.asp' target='_blank'>http://www.mckinsey.com/mgi/publications/big_data/index.asp</a></li><li>Tom Davenport <a href='http://fisheritcenter.haas.berkeley.edu/Big_Data/index.html' target='_blank'>http://fisheritcenter.haas.berkeley.edu/Big_Data/index.html</a></li><li>Anjul Bhambhri <a href='http://fisheritcenter.haas.berkeley.edu/Big_Data/index.html' target='_blank'>http://fisheritcenter.haas.berkeley.edu/Big_Data/index.html</a></li><li>Jeff Hammerbacher <a href='http://berkeleydatascience.files.wordpress.com/2012/01/20120117berkeley1.pdf' target='_blank'>http://berkeleydatascience.files.wordpress.com/2012/01/20120117berkeley1.pdf</a></li><li><a href='http://www.economist.com/node/15579717' target='_blank'>http://www.economist.com/node/15579717</a></li><li><a href='http://cs.metrostate.edu/~sbd/slides/Sun.pdf' target='_blank'>http://cs.metrostate.edu/~sbd/slides/Sun.pdf</a></li><li><a href='http://jess3.com/geosocial-universe-2/' target='_blank'>http://jess3.com/geosocial-universe-2/</a></li><li>Bill Ruh<a href='http://fisheritcenter.haas.berkeley.edu/Big_Data/index.html' target='_blank'>http://fisheritcenter.haas.berkeley.edu/Big_Data/index.html</a></li><li><a href='http://www.hsph.harvard.edu/ncb2011/files/ncb2011-z03-rodriguez.pptx' target='_blank'>http://www.hsph.harvard.edu/ncb2011/files/ncb2011-z03-rodriguez.pptx</a></li><li>Hugh Williams <a href='http://fisheritcenter.haas.berkeley.edu/Big_Data/index.html' target='_blank'>http://fisheritcenter.haas.berkeley.edu/Big_Data/index.html</a></li></ul>,,<p>Geoffrey starts with X-Informatics and its rallying cry. The growing number of jobs in data science is highlighted. This unit offers a look at the phenomenon described as the Data Deluge starting with its broad features. Then he discusses data science and the famous DIKW (Data to Information to Knowledge to Wisdom) pipeline. Then more detail is given on the flood of data from Internet and Industry applications with eBay and General Electric discussed in most detail.</p>,"<p>The course introduction starts with X-Informatics and its rallying cry. The growing number of jobs in data science is highlighted. The first unit offers a look at the phenomenon described as the Data Deluge starting with its broad features. Data science and the famous DIKW (Data to Information to Knowledge to Wisdom) pipeline are covered. Then more detail is given on the flood of data from Internet and Industry applications with eBay and General Electric discussed in most detail.</p><p>In the next unit, Geoffrey continues the discussion of the data deluge with a focus on scientific research. He takes a first peek at data from the Large Hadron Collider considered later as physics Informatics and gives some biology examples. He discusses the implication of data for the scientific method which is changing with the data-intensive methodology joining observation, theory and simulation as basic methods. Two broad classes of data are the long tail of sciences: many users with individually modest data adding up to a lot; and a myriad of Internet connected devices -- the Internet of Things.</p><p>Geoffrey gives an initial technical overview of cloud computing as pioneered by companies like Amazon, Google and Microsoft with new centers holding up to a million servers. The benefits of Clouds in terms of power consumption and the environment are also touched upon, followed by a list of the most critical features of Cloud computing with a comparison to supercomputing. Features of the data deluge are discussed with a salutary example where more data did better than more thought. Examples are given of end to end systems to process big data. Then comes Data science and one part of it -- data analytics -- the large algorithms that crunch the big data to give big wisdom. There are many ways to describe data science and several are discussed to give a good composite picture of this emerging field.</p>",XIBD1_Over_1v1,56min,PLy0VLh_GFyz9BAxZZARXuHdS-QqDp7L8O,2,"Overview of Data Science: What is Big Data, Data Analytics and X-Informatics?",DataCenter.jpg,2h 32min,,c3a79772-5477-4e90-8d0d-177499c9c09a
4,U,4,Part II: Data Deluge and Scientific Applications and Methodology,Available Now,True,,"<ul><li><a href='http://www.economist.com/node/15579717' target='_blank'>http://www.economist.com/node/15579717</a></li><li>Geoffrey Fox and Dennis Gannon Using Clouds for Technical Computing To be published in Proceedings of HPC 2012 Conference at Cetraro, Italy June 28 2012 <a href='http://grids.ucs.indiana.edu/ptliupages/publications/Clouds_Technical_Computing_FoxGannonv2.pdf' target='_blank'>http://grids.ucs.indiana.edu/ptliupages/publications/Clouds_Technical_Computing_FoxGannonv2.pdf</a></li><li><a href='http://grids.ucs.indiana.edu/ptliupages/publications/Where%20does%20all%20the%20data%20come%20from%20v7.pdf' target='_blank'>http://grids.ucs.indiana.edu/ptliupages/publications/Where%20does%20all%20the%20data%20come%20from%20v7.pdf</a></li><li><a href='http://www.genome.gov/sequencingcosts/' target='_blank'>http://www.genome.gov/sequencingcosts/</a></li><li><a href='http://www.quantumdiaries.org/2012/09/07/why-particle-detectors-need-a-trigger/atlasmgg' target='_blank'>http://www.quantumdiaries.org/2012/09/07/why-particle-detectors-need-a-trigger/atlasmgg</a></li><li><a href='http://salsahpc.indiana.edu/dlib/articles/00001935/' target='_blank'>http://salsahpc.indiana.edu/dlib/articles/00001935/</a></li><li><a href='http://en.wikipedia.org/wiki/Simple_linear_regression' target='_blank'>http://en.wikipedia.org/wiki/Simple_linear_regression</a></li><li><a href='http://www.ebi.ac.uk/Information/Brochures/' target='_blank'>http://www.ebi.ac.uk/Information/Brochures/</a></li><li><a href='http://www.wired.com/wired/issue/16-07' target='_blank'>http://www.wired.com/wired/issue/16-07</a></li><li><a href='http://research.microsoft.com/en-us/collaboration/fourthparadigm/' target='_blank'>http://research.microsoft.com/en-us/collaboration/fourthparadigm/</a></li><li>CSTI General Assembly 2012, Washington, D.C., USA Technical Activities Coordinating Committee (TACC) Meeting, Data Management, Cloud Computing and the Long Tail of Science October 2012 Dennis Gannon</li><li><a href='https://sites.google.com/site/opensourceiotcloud/' target='_blank'>https://sites.google.com/site/opensourceiotcloud/</a></li></ul>",,"<p>Geoffrey continues the discussion of the data deluge with a focus on scientific research. He takes a first peek at data from the Large Hadron Collider considered later as physics Informatics and gives some biology examples. He discusses the implication of data for the scientific method which is changing with the data-intensive methodology joining observation, theory and simulation as basic methods.</p><p>We discuss the long tail of sciences; many users with individually modest data adding up to a lot. The last lesson emphasizes how everyday devices -- the Internet of Things -- are being used to create a wealth of data.</p>",,XIBD1_Over_2v1,36min,PLy0VLh_GFyz_4ZD9m7LewhD2PW8iy1gir,2,"Overview of Data Science: What is Big Data, Data Analytics and X-Informatics?",,,,c3a79772-5477-4e90-8d0d-177499c9c09a
5,U,5,Part III: Clouds and Big Data Processing; Data Science Process and Analytics,Available Now,True,,"<ul><li>CSTI General Assembly 2012, Washington, D.C., USA Technical Activities Coordinating Committee (TACC) Meeting, Data Management, Cloud Computing and the Long Tail of Science October 2012 Dennis Gannon</li><li>Dan Reed Roger Barga Dennis Gannon Rich Wolski<a href='http://research.microsoft.com/en-us/people/barga/sc09_cloudcomp_tutorial.pdf' target='_blank'>http://research.microsoft.com/en-us/people/barga/sc09_cloudcomp_tutorial.pdf</a></li><li><a href='http://www.datacenterknowledge.com/archives/2011/05/10/uptime-institute-the-average-pue-is-1-8/' target='_blank'>http://www.datacenterknowledge.com/archives/2011/05/10/uptime-institute-the-average-pue-is-1-8/</a></li><li><a href='http://loosebolts.wordpress.com/2008/12/02/our-vision-for-generation-4-modular-data-centers-one-way-of-getting-it-just-right/' target='_blank'>http://loosebolts.wordpress.com/2008/12/02/our-vision-for-generation-4-modular-data-centers-one-way-of-getting-it-just-right/</a></li><li><a href='http://www.mediafire.com/file/zzqna34282frr2f/koomeydatacenterelectuse2011finalversion.pdf' target='_blank'>http://www.mediafire.com/file/zzqna34282frr2f/koomeydatacenterelectuse2011finalversion.pdf</a></li><li>Bina Ramamurthy <a href='http://www.cse.buffalo.edu/~bina/cse487/fall2011/' target='_blank'>http://www.cse.buffalo.edu/~bina/cse487/fall2011/</a></li><li>Jeff Hammerbacher <a href='http://berkeleydatascience.files.wordpress.com/2012/01/20120117berkeley1.pdf' target='_blank'>http://berkeleydatascience.files.wordpress.com/2012/01/20120117berkeley1.pdf</a></li><li>Jeff Hammerbacher <a href='http://berkeleydatascience.files.wordpress.com/2012/01/20120119berkeley.pdf' target='_blank'>http://berkeleydatascience.files.wordpress.com/2012/01/20120119berkeley.pdf</a></li><li>Anjul Bhambhri <a href='http://fisheritcenter.haas.berkeley.edu/Big_Data/index.html' target='_blank'>http://fisheritcenter.haas.berkeley.edu/Big_Data/index.html</a></li><li><a href='http://cs.metrostate.edu/~sbd/slides/Sun.pdf' target='_blank'>http://cs.metrostate.edu/~sbd/slides/Sun.pdf</a></li><li>Hugh Williams <a href='http://fisheritcenter.haas.berkeley.edu/Big_Data/index.html' target='_blank'>http://fisheritcenter.haas.berkeley.edu/Big_Data/index.html</a></li><li>Tom Davenport <a href='http://fisheritcenter.haas.berkeley.edu/Big_Data/index.html' target='_blank'>http://fisheritcenter.haas.berkeley.edu/Big_Data/index.html</a></li><li><a href='http://www.mckinsey.com/mgi/publications/big_data/index.asp' target='_blank'>http://www.mckinsey.com/mgi/publications/big_data/index.asp</a></li><li><a href='http://cra.org/ccc/docs/nitrdsymposium/pdfs/keyes.pdf' target='_blank'>http://cra.org/ccc/docs/nitrdsymposium/pdfs/keyes.pdf</a></li></ul>",,"<p>Geoffrey gives an initial technical overview of cloud computing as pioneered by companies like Amazon, Google and Microsoft with new centers holding up to a million servers. The benefits of Clouds in terms of power consumption and the environment are also touched upon, followed by a list of the most critical features of Cloud computing with a comparison to supercomputing.</p><p>He discusses features of the data deluge with a salutary example where more data did better than more thought. Examples are given of end to end systems to process big data. He introduces data science and one part of it -- data analytics -- the large algorithms that crunch the big data to give big wisdom. There are many ways to describe data science and several are discussed to give a good composite picture of this emerging field.</p>",,XIBD1_Over_3v1,1h,PLy0VLh_GFyz8ckoF1P6GiyuMDwZQQGrI9,2,"Overview of Data Science: What is Big Data, Data Analytics and X-Informatics?",,,,c3a79772-5477-4e90-8d0d-177499c9c09a
6,A,Peer_review_Homework_2.1,Section 2 Homework 1,,True,,,,,,,,,2,Peer Reviewed Homework,,,,
7,A,Peer_review_Homework_2.2,Section 2 Homework 2,,True,,,,,,,,,2,Peer Reviewed Homework,,,,
8,A,Peer_review_Homework_2.3,Section 2 Homework 3,,True,,,,,,,,,2,Peer Reviewed Homework,,,,
9,U,6,"Python for Big Data and X-Informatics: NumPy, SciPy, MatPlotlib",Available Now,True,,<ul><li>Python for data analysis(book): <a href='http://shop.oreilly.com/product/0636920023784.do' target='_blank'>http://shop.oreilly.com/product/0636920023784.do</a></li><li>Enthought docs page: <a href='http://docs.enthought.com/canopy/configure/faq.html' target='_blank'>http://docs.enthought.com/canopy/configure/faq.html</a></li><li>Canopy download: <a href='https://www.enthought.com/store/' target='_blank'>https://www.enthought.com/store/</a></li><li>Tips tricks for canopy: <a href='http://docs.enthought.com/canopy/configure/faq.html' target='_blank'>http://docs.enthought.com/canopy/configure/faq.html</a></li><li>NumPy download: <a href='https://pypi.python.org/pypi/numpy' target='_blank'>https://pypi.python.org/pypi/numpy</a></li><li>NumPy Reference guide: <a href='http://docs.scipy.org/doc/numpy/reference/' target='_blank'>http://docs.scipy.org/doc/numpy/reference/</a></li><li>Numpy Functions by Category documentation: <a href='http://wiki.scipy.org/Numpy_Functions_by_Category' target='_blank'>http://wiki.scipy.org/Numpy_Functions_by_Category</a></li><li>Numpy list of data types(dtypes) documentation: <a href='http://docs.scipy.org/doc/numpy/user/basics.types.html' target='_blank'>http://docs.scipy.org/doc/numpy/user/basics.types.html</a></li><li>Numpy developer guide: <a href='http://docs.scipy.org/doc/numpy-dev/dev/' target='_blank'>http://docs.scipy.org/doc/numpy-dev/dev/</a></li><li>Numpy Universal Functions documentation: <a href='http://docs.scipy.org/doc/numpy/reference/ufuncs.html' target='_blank'>http://docs.scipy.org/doc/numpy/reference/ufuncs.html</a></li><li>Numpy Array Statistics documentation: <a href='http://docs.scipy.org/doc/numpy/reference/routines.statistics.html' target='_blank'>http://docs.scipy.org/doc/numpy/reference/routines.statistics.html</a></li><li>Numpy Linear Algebra documentation: <a href='http://docs.scipy.org/doc/numpy/reference/routines.linalg.html' target='_blank'>http://docs.scipy.org/doc/numpy/reference/routines.linalg.html</a></li><li>Numpy Random number generation documentation: <a href='http://docs.scipy.org/doc/numpy/reference/routines.random.html' target='_blank'>http://docs.scipy.org/doc/numpy/reference/routines.random.html</a></li><li>Matplotlib download: <a href='http://matplotlib.org/downloads.html' target='_blank'>http://matplotlib.org/downloads.html</a></li><li>Matplotlib pyplot documentation: <a href='http://matplotlib.org/api/pyplot_api.html' target='_blank'>http://matplotlib.org/api/pyplot_api.html</a></li><li>Scipy reference guide: <a href='http://docs.scipy.org/doc/scipy/reference/' target='_blank'>http://docs.scipy.org/doc/scipy/reference/</a></li><li>Scipy developer guide: <a href='http://docs.scipy.org/doc/scipy-dev/reference/hacking.html' target='_blank'>http://docs.scipy.org/doc/scipy-dev/reference/hacking.html</a></li><li>Numpy and Scipy cook book: <a href='http://wiki.scipy.org/Cookbook' target='_blank'>http://wiki.scipy.org/Cookbook</a></li></ul>,,<p>This section is meant to give an overview of the python tools needed for doing for this course. These are really powerful tools which every data scientist who wishes to use python must know.</p>,"<p>This section is meant to give an overview of the python tools needed for doing for this course. These are really powerful tools which every data scientist who wishes to use python must know. This section covers. Canopy - Its is an IDE for python developed by EnThoughts. The aim of this IDE is to bring the various python libraries under one single framework or ''Canopy'' - that is why the name. NumPy - It is popular library on top of which many other libraries (like pandas, scipy) are built. It provides a way a vectorizing data. This helps to organize in a more intuitive fashion and also helps us use the various matrix operations which are popularly used by the machine learning community. Matplotlib: This a data visualization package. It allows you to create graphs charts and other such diagrams. It supports Images in JPEG, GIF, TIFF format. SciPy: SciPy is a library built above numpy and has a number of off the shelf algorithms / operations implemented. These include algorithms from calculus(like integration), statistics, linear algebra, image-processing, signal processing, machine learning, etc.</p>",XIBD1_Python_1v1,1h 21min,PLy0VLh_GFyz_p4yC1UEKxjMnjzsE3yoLq,3,Technology Training,python.jpg,1h 21min,,99ade3e1-b13d-4157-8f36-8acd112bdb4e
10,U,7,"I: Looking for Higgs Particles, Bumps in Histograms, Experiments and Accelerators",Available Now,True,,<ul><li><a href='http://grids.ucs.indiana.edu/ptliupages/publications/Where%20does%20all%20the%20data%20come%20from%20v7.pdf' target='_blank'>http://grids.ucs.indiana.edu/ptliupages/publications/Where%20does%20all%20the%20data%20come%20from%20v7.pdf</a></li><li><a href='http://www.interactions.org/cms/?pid=6002' target='_blank'>http://www.interactions.org/cms/?pid=6002</a></li><li><a href='http://www.interactions.org/cms/?pid=1032811' target='_blank'>http://www.interactions.org/cms/?pid=1032811</a></li><li><a href='http://www.sciencedirect.com/science/article/pii/S037026931200857X' target='_blank'>http://www.sciencedirect.com/science/article/pii/S037026931200857X</a></li><li><a href='http://biologos.org/blog/what-is-the-higgs-boson' target='_blank'>http://biologos.org/blog/what-is-the-higgs-boson</a></li></ul>,,"<p>In this short unit Geoffrey describes the LHC accelerator at CERN and evidence found by the experiments ATLAS suggesting existence of a Higgs Boson. The huge number of authors on a paper, remarks on histograms and Feynman diagrams is followed by an accelerator picture gallery.</p>","<p>This section starts by describing the LHC accelerator at CERN and evidence found by the experiments suggesting existence of a Higgs Boson. The huge number of authors on a paper, remarks on histograms and Feynman diagrams is followed by an accelerator picture gallery. The next unit is devoted to Python experiments looking at histograms of Higgs Boson production with various forms of shape of signal and various background and with various event totals. Then random variables and some simple principles of statistics are introduced with explanation as to why they are relevant to Physics counting experiments. The unit introduces Gaussian (normal) distributions and explains why they seen so often in natural phenomena. Several Python illustrations are given. Random Numbers with their Generators and Seeds lead to a discussion of Binomial and Poisson Distribution. Monte-Carlo and accept-reject methods. The Central Limit Theorem concludes discussion.</p>",XIBD1_Phys_1v1,29min,PLy0VLh_GFyz-9YRz7yWvFHhOqtxvQ2jiF,4,X= Physics Case Study,LHC.jpg,2h 13min,,0303dcef-00a5-4976-8441-575d28957d2f
11,U,8,II: Looking for Higgs Particles: Python Event Counting for Signal and Background(Python Track),Available Now,True,Python,"<ul><li><a href='http://www.enthought.com/products/epdgetstart.php' target='_blank'>http://www.enthought.com/products/epdgetstart.php</a></li><li>Python for Data Analysis: Agile Tools for Real World Data By Wes McKinney, Publisher: O'Reilly Media, Released: October 2012, Pages: 472</li></ul>",<ul><li><a href=/assets/files/unit_8/HiggsClassI-Sloping.py target=_blank>HiggsClassI-Sloping.py</a></li></ul>,<p>This unit is devoted to Python experiments with Geoffrey looking at histograms of Higgs Boson production with various forms of shape of signal and various background and with various event totals</p>,,XIBD1_Phys_2v1,25min,PLy0VLh_GFyz8oTMmgSG8u9l_Pm9lSdKlR,4,X= Physics Case Study,,,,0303dcef-00a5-4976-8441-575d28957d2f
12,U,9,"III: Looking for Higgs Particles: Random Variables, Physics and Normal Distributions(Python Track)",Available Now,True,Python,<ul><li><a href='http://indico.cern.ch/contributionDisplay.py?contribId=15&sessionId=6&materialId=slides&confId=20453' target='_blank'>http://indico.cern.ch/contributionDisplay.py?contribId=15&sessionId=6&materialId=slides&confId=20453</a></li><li><a href='http://www.atlas.ch/photos/events.html' target='_blank'>http://www.atlas.ch/photos/events.html</a></li><li><a href='http://cms.web.cern.ch/' target='_blank'>http://cms.web.cern.ch/</a></li></ul>,<ul><li><a href=/assets/files/unit_9/HiggsClassIII.py target=_blank>HiggsClassIII.py</a></li></ul>,<p>Geoffrey introduces random variables and some simple principles of statistics and explains why they are relevant to Physics counting experiments. The unit introduces Gaussian (normal) distributions and explains why they seen so often in natural phenomena. Several Python illustrations are given.</p>,,XIBD1_Phys_3v1,38min,PLy0VLh_GFyz-ifZCmJi458Uw_AL2htU8v,4,X= Physics Case Study,,,,0303dcef-00a5-4976-8441-575d28957d2f
13,U,10,"IV: Looking for Higgs Particles: Random Numbers, Distributions and Central Limit Theorem(Python Track)",Available Now,True,Python,<ul><li><a href='http://en.wikipedia.org/wiki/Pseudorandom_number_generator' target='_blank'>http://en.wikipedia.org/wiki/Pseudorandom_number_generator</a></li><li><a href='http://en.wikipedia.org/wiki/Mersenne_twister' target='_blank'>http://en.wikipedia.org/wiki/Mersenne_twister</a></li><li><a href='http://en.wikipedia.org/wiki/Mersenne_prime' target='_blank'>http://en.wikipedia.org/wiki/Mersenne_prime</a></li><li>CMS-PAS-HIG-12-041 Updated results on the new boson discovered in the search for the standard model Higgs boson in the ZZ to 4 leptons channel in pp collisions at sqrt(s) = 7 and 8 TeV <a href='http://cds.cern.ch/record/1494488?ln=en' target='_blank'>http://cds.cern.ch/record/1494488?ln=en</a></li><li><a href='http://en.wikipedia.org/wiki/Poisson_distribution' target='_blank'>http://en.wikipedia.org/wiki/Poisson_distribution</a></li><li><a href='http://en.wikipedia.org/wiki/Central_limit_theorem' target='_blank'>http://en.wikipedia.org/wiki/Central_limit_theorem</a></li></ul>,<ul><li><a href=/assets/files/unit_10/HiggsClassIV-seeds.py target=_blank>HiggsClassIV-seeds.py</a></li></ul>,<p>Geoffrey discusses Random Numbers with their Generators and Seeds. It introduces Binomial and Poisson Distribution. Monte-Carlo and accept-reject methods are discussed. The Central Limit Theorem concludes discussion. Python examples and Physics applications are given.</p>,,XIBD1_Phys_4v1,41min,PLy0VLh_GFyz-CroeyFxBhICuH7Gux6zHj,4,X= Physics Case Study,,,,0303dcef-00a5-4976-8441-575d28957d2f
14,A,Peer_review_Homework_4.1,Section 4 Homework 1,,True,,,,,,,,,4,Peer Reviewed Homework,,,,
15,A,Peer_review_Homework_4.2,Section 4 Homework 2,,True,,,,,,,,,4,Peer Reviewed Homework,,,,
16,U,11,Using Plotviz Software for Displaying Point Distributions in 3D,Available Now,True,,,<ul><li><a href='/assets/files/unit_11/fungi_LSU_3(15)_to_3(26)_zeroidx.pviz' target='_blank'>fungi_LSU_3_15_to_3_26_zeroidx.pviz</a></li><li><a href='/assets/files/unit_11/DatingRating-OriginalLabels.pviz' target='_blank'>DatingRating-OriginalLabels.pviz</a></li><li><a href='/assets/files/unit_11/clusterFinal-M30-C28.pviz' target='_blank'>clusterFinal-M30-C28.pviz</a></li><li><a href='/assets/files/unit_11/clusterFinal-M3-C3Dating-ReClustered.pviz' target='_blank'>clusterFinal-M3-C3Dating-ReClustered.pviz</a></li></ul>,"<p>Geoffrey introduces Plotviz, a data visualization tool developed at Indiana University to display 2 and 3 dimensional data. The motivation is that the human eye is very good at pattern recognition and can ''see'' structure in data. Although most Big data is higher dimensional than 3, all can be transformed by dimension reduction techniques to 3D. He gives several examples to show how the software can be used and what kind of data can be visualized. This includes individual plots and the manipulation of multiple synchronized plots. Finally, he describes the download and software dependency of Plotviz.</p>","<p>Geoffrey introduces Plotviz, a data visualization tool developed at Indiana University to display 2 and 3 dimensional data. The motivation is that the human eye is very good at pattern recognition and can ''see'' structure in data. Although most Big data is higher dimensional than 3, all can be transformed by dimension reduction techniques to 3D. He gives several examples to show how the software can be used and what kind of data can be visualized. This includes individual plots and the manipulation of multiple synchronized plots.Finally, he describes the download and software dependency of Plotviz.</p>",XIBD1_PlotViz_1v1,1h,PLy0VLh_GFyz8RuxPYl5cuZObDBSF4ZwDU,5,Technology Training,plotviz.jpg,1h,,969b0092-2af3-4185-a391-ba5d9d4d8156
17,U,12,I: Recommender Systems: Introduction,Available Now,True,,<ul><li><a href='http://www.slideshare.net/xamat/building-largescale-realworld-recommender-systems-recsys2012-tutorial' target='_blank'>http://www.slideshare.net/xamat/building-largescale-realworld-recommender-systems-recsys2012-tutorial</a></li><li><a href='http://www.ifi.uzh.ch/ce/teaching/spring2012/16-Recommender-Systems_Slides.pdf' target='_blank'>http://www.ifi.uzh.ch/ce/teaching/spring2012/16-Recommender-Systems_Slides.pdf</a></li><li><a href='http://www.kaggle.com' target='_blank'>http://www.kaggle.com</a></li><li><a href='http://www.ics.uci.edu/~welling/teaching/CS77Bwinter12/CS77B_w12.html' target='_blank'>http://www.ics.uci.edu/~welling/teaching/CS77Bwinter12/CS77B_w12.html</a></li><li>Jeff Hammerbacher <a href='http://berkeleydatascience.files.wordpress.com/2012/01/20120117berkeley1.pdf' target='_blank'>http://berkeleydatascience.files.wordpress.com/2012/01/20120117berkeley1.pdf</a></li><li><a href='http://news.techworld.com/applications/3437514/netflix-foretells-house-of-cards-success-with-cassandra-big-data-engine/' target='_blank'>http://news.techworld.com/applications/3437514/netflix-foretells-house-of-cards-success-with-cassandra-big-data-engine/</a></li><li><a href='http://en.wikipedia.org/wiki/A/B_testing' target='_blank'>http://en.wikipedia.org/wiki/A/B_testing</a></li></ul>,,"<p>Geoffrey introduces Recommender systems as an optimization technology used in a variety of applications and contexts online. They operate in the background of such widely recognized sites as Amazon, eBay, Monster and Netflix where everything is a recommendation. This involves a symbiotic relationship between vendor and buyer whereby the buyer provides the vendor with information about their preferences, while the vendor then offers recommendations tailored to match their needs, to the benefit of both.</p><p>There follows an exploration of the Kaggle competition site, other recommender systems and Netflix, as well as competitions held to improve the success of the Netflix recommender system. Finally attention is paid to models that are used to compare how changes to the systems affect their overall performance. Geoffrey muses how the humble ranking has become such a dominant driver of the world's economy.</p>","<p>Recommender systems operate under the hood of such widely recognized sites as Amazon, eBay, Monster and Netflix where everything is a recommendation. This involves a symbiotic relationship between vendor and buyer whereby the buyer provides the vendor with information about their preferences, while the vendor then offers recommendations tailored to match their needs. Kaggle competitions h improve the success of the Netflix and other recommender systems. Attention is paid to models that are used to compare how changes to the systems affect their overall performance. Geoffrey muses how the humble ranking has become such a dominant driver of the world's economy. More examples of recommender systems are given from Google News, Retail stores and in depth Yahoo! covering the multi-faceted criteria used in deciding recommendations on web sites. The formulation of recommendations in terms of points in a space or bag is given where bags of item properties, user properties, rankings and users are useful. Detail is given on basic principles behind recommender systems: user-based collaborative filtering, which uses similarities in user rankings to predict their interests, and the Pearson correlation, used to statistically quantify correlations between users viewed as points in a space of items. Items are viewed as points in a space of users in item-based collaborative filtering. The Cosine Similarity is introduced, the difference between implicit and explicit ratings and the k Nearest Neighbors algorithm. General features like the curse of dimensionality in high dimensions are discussed. A simple Python k Nearest Neighbor code and its application to an artificial data set in 3 dimensions is given. Results are visualized in Matplotlib in 2D and with Plotviz in 3D. The concept of a training and a testing set are introduced with training set pre labeled. Recommender system are used to discuss clustering with k-means based clustering methods used and their results examined in Plotviz. The original labelling is compared to clustering results and extension to 28 clusters given. General issues in clustering are discussed including local optima, the use of annealing to avoid this and value of heuristic algorithms.</p>",XIBD1_eCom_1v1,48min,PLy0VLh_GFyz8NFZO0rAxl60uHCu_kHo0U,6,X= e-Commerce and LifeStyle Case Study,Ecommerce.jpg,3h 39min,,97fbfb75-fc43-4c24-98d0-f8ec91c00b68
18,U,13,II: Recommender Systems: Examples and Algorithms,Available Now,True,,<ul><li><a href='http://isi2011.congressplanner.eu/pdfs/p_450457.pdf' target='_blank'>http://isi2011.congressplanner.eu/pdfs/p_450457.pdf</a></li><li><a href='http://pages.cs.wisc.edu/~beechung/icml11-tutorial/' target='_blank'>http://pages.cs.wisc.edu/~beechung/icml11-tutorial/</a></li></ul>,,"<p>Geoffrey continues the discussion of recommender systems and their use in e-commerce. More examples are given from Google News, Retail stores and in depth Yahoo! covering the multi-faceted criteria used in deciding recommendations on web sites. Then the formulation of recommendations in terms of points in a space or bag is given.</p><p>Here bags of item properties, user properties, rankings and users are useful. Then we go into detail on basic principles behind recommender systems: user-based collaborative filtering, which uses similarities in user rankings to predict their interests, and the Pearson correlation, used to statistically quantify correlations between users viewed as points in a space of items.</p>",,XIBD1_eCom_2v1,57min,PLy0VLh_GFyz-YPLJK4M5w3NzX602-QkTH,6,X= e-Commerce and LifeStyle Case Study,,,,97fbfb75-fc43-4c24-98d0-f8ec91c00b68
19,U,14,III: Item-based Collaborative Filtering and its Technologies,Available Now,True,,,,"<p>Geoffrey moves on to item-based collaborative filtering where items are viewed as points in a space of users. The Cosine Similarity is introduced, the difference between implicit and explicit ratings and the k Nearest Neighbors algorithm. General features like the curse of dimensionality in high dimensions are discussed</p>",,XIBD1_eCom_3v1,31min,PLy0VLh_GFyz-qd-Yb1qGtdFEXbwwnrM-o,6,X= e-Commerce and LifeStyle Case Study,,,,97fbfb75-fc43-4c24-98d0-f8ec91c00b68
20,U,15,IV: Technologies - k Nearest Neighbor Algorithm(Python Track),Available Now,True,Python,,<ul><li><a href=/assets/files/unit_15/kNNDriver.py target=_blank>kNNDriver.py</a></li><li><a href=/assets/files/unit_15/kNN.py target=_blank>kNN.py</a></li><li><a href=/assets/files/unit_15/datingTestSet2.txt target=_blank>datingTestSet2.txt</a></li><li><a href=/assets/files/unit_15/clusterFinal-M3-C3Dating-ReClustered.pviz target=_blank>clusterFinal-M3-C3Dating-ReClustered.pviz</a></li><li><a href=/assets/files/unit_15/DatingRating-OriginalLabels.pviz target=_blank>DatingRating-OriginalLabels.pviz</a></li><li><a href=/assets/files/unit_15/clusterFinal-M30-C28.pviz target=_blank>clusterFinal-M30-C28.pviz</a></li></ul>,<p>Geoffrey discusses a simple Python k Nearest Neighbor code and its application to an artificial data set in 3 dimensions. Results are visualized in Matplotlib in 2D and with Plotviz in 3D. The concept of training and testing sets are introduced with training set pre-labelled.</p>,,XIBD1_eCom_4v1,33min,PLy0VLh_GFyz9GpA6hNGBQxJ9GNS6nNzJr,6,X= e-Commerce and LifeStyle Case Study,,,,97fbfb75-fc43-4c24-98d0-f8ec91c00b68
21,U,16,V: Technologies - Clustering,Available Now,True,,<ul><li><a href='http://en.wikipedia.org/wiki/Kmeans' target='_blank'>http://en.wikipedia.org/wiki/Kmeans</a></li><li><a href='http://grids.ucs.indiana.edu/ptliupages/publications/DACIDR_camera_ready_v0.3.pdf' target='_blank'>http://grids.ucs.indiana.edu/ptliupages/publications/DACIDR_camera_ready_v0.3.pdf</a></li><li><a href='http://salsahpc.indiana.edu/millionseq/' target='_blank'>http://salsahpc.indiana.edu/millionseq/</a></li><li><a href='http://salsafungiphy.blogspot.com/' target='_blank'>http://salsafungiphy.blogspot.com/</a></li><li><a href='http://en.wikipedia.org/wiki/Heuristics' target='_blank'>http://en.wikipedia.org/wiki/Heuristics</a></li></ul>,,"<p>Geoffrey uses example of recommender system to discuss clustering. The details of methods are not discussed but k-means based clustering methods are used and their results examined in Plotviz. The original labelling is compared to clustering results and extension to 28 clusters given. General issues in clustering are discussed including local optima, the use of annealing to avoid this and value of heuristic algorithms.</p>",,XIBD1_eCom_5v1,50min,PLy0VLh_GFyz9SR0zgEgdVnEXE5K0F47d8,6,X= e-Commerce and LifeStyle Case Study,,,,97fbfb75-fc43-4c24-98d0-f8ec91c00b68
22,A,Peer_review_Homework_6.1,Section 6 Homework 1,,True,,,,,,,,,6,Peer Reviewed Homework,,,,
23,A,Peer_review_Mid,Mid Assessment,,True,,,,,,,,,,Mid-Term Assessment,,,,
24,U,17,Parallel Computing: Overview of Basic Principles with familiar Examples,Available Now,True,,"<ul><li><i>Solving Problems in Concurrent Processors-Volume 1</i>, with M. Johnson, G. Lyzenga, S. Otto, J. Salmon, D. Walker, Prentice Hall, March 1988</li><li><i>Parallel Computing Works!</i>, with P. Messina, R. Williams, Morgan Kaufman (1994). http://www.netlib.org/utk/lsi/pcwLSI/text/</li><li><i>The Sourcebook of Parallel Computing book</i> edited by Jack Dongarra, Ian Foster, Geoffrey Fox, William Gropp, Ken Kennedy, Linda Torczon, and Andy White, Morgan Kaufmann, November 2002</li><li>Geoffrey Fox Computational Sciences and Parallelism to appear in Enclyclopedia on Parallel Computing edited by David Padua and published by Springer. <a href='http://grids.ucs.indiana.edu/ptliupages/publications/SpringerEncyclopedia_Fox.pdf' target='_blank'>http://grids.ucs.indiana.edu/ptliupages/publications/SpringerEncyclopedia_Fox.pdf</a></li></ul>",,"<p>Geoffrey describes the central role of Parallel computing in Clouds and Big Data which is decomposed into lots of ''Little data'' running in individual cores. Many examples are given and it is stressed that issues in parallel computing are seen in day to day life for communication, synchronization, load balancing and decomposition.</p>","<p>Geoffrey describes the central role of Parallel computing in Clouds and Big Data which is decomposed into lots of ''Little data'' running in individual cores. Many examples are given and it is stressed that issues in parallel computing are seen in day to day life for communication, synchronization, load balancing and decomposition. Cyberinfrastructure for e-moreorlessanything or moreorlessanything-Informatics and the basics of cloud computing are introduced. This includes virtualization and the important ''as a Service'' components and we go through several different definitions of cloud computing. Gartner's Technology Landscape includes hype cycle and priority matrix and covers clouds and Big Data. Two simple examples of the value of clouds for enterprise applications are given with a review of different views as to nature of Cloud Computing. This IaaS (Infrastructure as a Service) discussion is followed by PaaS and SaaS (Platform and Software as a Service). Features in Grid and cloud computing and data are treated. Cloud (Data Center) Architectures with physical setup, Green Computing issues and software models are discussed followed by the Cloud Industry stakeholders and applications on the cloud including data intensive problems and comparison with high performance computing. Remarks on Security, Fault Tolerance and Synchronicity issues in cloud follow. The Big Data Processing from an application perspective with commercial examples including eBay concludes section.</p>",XIBD1_ParComp_1v1,57min,PLy0VLh_GFyz9c3S7Sn4aZQwzPQe7e5BC_,7,Infrastructure and Technologies for Big Data X-Informatics,DataCenter.jpg,3h 46min,,e22e4329-b7aa-4ace-beea-8591d9c7db03
25,U,18,X-Informatics Cloud Technology Part I: Introduction,Available Now,True,,<ul><li><a href='http://www.slideshare.net/woorung/trend-and-future-of-cloud-computing' target='_blank'>http://www.slideshare.net/woorung/trend-and-future-of-cloud-computing</a></li><li><a href='http://www.slideshare.net/JensNimis/cloud-computing-tutorial-jens-nimis' target='_blank'>http://www.slideshare.net/JensNimis/cloud-computing-tutorial-jens-nimis</a></li><li><a href='http://www.gartner.com/technology/home.jsp and many web links' target='_blank'>http://www.gartner.com/technology/home.jsp and many web links</a></li><li><a href='http://setandbma.wordpress.com/2012/08/10/hype-cycle-2012-emerging-technologies/' target='_blank'>http://setandbma.wordpress.com/2012/08/10/hype-cycle-2012-emerging-technologies/</a></li><li><a href='http://slashdot.org/topic/bi/big-data-hype-is-imploding-gartner-analyst' target='_blank'>http://slashdot.org/topic/bi/big-data-hype-is-imploding-gartner-analyst</a></li><li><a href='http://research.microsoft.com/pubs/78813/AJ18_EN.pdf' target='_blank'>http://research.microsoft.com/pubs/78813/AJ18_EN.pdf</a></li><li><a href='http://www.google.com/green/pdfs/google-green-computing.pdf' target='_blank'>http://www.google.com/green/pdfs/google-green-computing.pdf</a></li></ul>,,<p>Geoffrey discusses Cyberinfrastructure for e-moreorlessanything or moreorlessanything-Informatics and the basics of cloud computing. This includes virtualization and the important ''as a Service'' components and we go through several different definitions of cloud computing.</p><p>Gartner's Technology Landscape includes hype cycle and priority matrix and covers clouds and Big Data. Geoffrey reviews the nature of 48 technologies in 2012 emerging technology hype cycle. Gartner has specific predictions for cloud computing growth areas. The unit concludes with two simple examples of the value of clouds for enterprise applications.</p>,,XIBD1_Cloud_1v1,52min,PLy0VLh_GFyz-pGX7m3eLBa9k1d5ZlucPu,7,Infrastructure and Technologies for Big Data X-Informatics,,,,e22e4329-b7aa-4ace-beea-8591d9c7db03
26,U,19,X-Informatics Cloud Technology Part II: Introduction,Available Now,True,,<ul><li><a href='http://www.slideshare.net/JensNimis/cloud-computing-tutorial-jens-nimis' target='_blank'>http://www.slideshare.net/JensNimis/cloud-computing-tutorial-jens-nimis</a></li><li><a href='http://www.slideshare.net/botchagalupe/introduction-to-clouds-cloud-camp-columbus' target='_blank'>http://www.slideshare.net/botchagalupe/introduction-to-clouds-cloud-camp-columbus</a></li><li><a href='http://www.slideshare.net/woorung/trend-and-future-of-cloud-computing' target='_blank'>http://www.slideshare.net/woorung/trend-and-future-of-cloud-computing</a></li><li><a href='http://cloudonomic.blogspot.com/2009/02/cloud-taxonomy-and-ontology.html' target='_blank'>http://cloudonomic.blogspot.com/2009/02/cloud-taxonomy-and-ontology.html</a></li><li>Dan Reed Roger Barga Dennis Gannon Rich Wolski <a href='http://research.microsoft.com/en-us/people/barga/sc09_cloudcomp_tutorial.pdf' target='_blank'>http://research.microsoft.com/en-us/people/barga/sc09_cloudcomp_tutorial.pdf</a></li><li><a href='http://www.oerc.ox.ac.uk/downloads/presentations-from-events/microsoftworkshop/gannon' target='_blank'>http://www.oerc.ox.ac.uk/downloads/presentations-from-events/microsoftworkshop/gannon</a></li><li><a href='http://research.microsoft.com/en-us/um/redmond/events/fs2009/presentations/barga_roger_cloudcomputingplatform.pptx' target='_blank'>http://research.microsoft.com/en-us/um/redmond/events/fs2009/presentations/barga_roger_cloudcomputingplatform.pptx</a></li><li><a href='http://research.microsoft.com/en-us/um/redmond/events/cloudfutures2012/tuesday/Keynote_OpportunitiesAndChallenges_Yousef_Khalidi.pdf' target='_blank'>http://research.microsoft.com/en-us/um/redmond/events/cloudfutures2012/tuesday/Keynote_OpportunitiesAndChallenges_Yousef_Khalidi.pdf</a></li></ul>,,<p>Geoffrey covers different views as to nature of Cloud Computing. This IaaS (Infrastructure as a Service) discussion is followed by PaaS and SaaS (Platform and Software as a Service). The unit discusses features introduced in Grid computing and features introduced by clouds. The unit concludes with the treatment of data in the cloud from an architecture perspective.</p>,,XIBD1_Cloud_2v1,51min,PLy0VLh_GFyz_iqHvjVtSvC4i1Rpc3pnoy,7,Infrastructure and Technologies for Big Data X-Informatics,,,,e22e4329-b7aa-4ace-beea-8591d9c7db03
27,U,20,X-Informatics Cloud Technology Part III: Introduction,Available Now,True,,"<ul><li><a href='http://www.slideshare.net/woorung/trend-and-future-of-cloud-computing' target='_blank'>http://www.slideshare.net/woorung/trend-and-future-of-cloud-computing</a></li><li><a href='http://www.eweek.com/c/a/Cloud-Computing/AWS-Innovation-Means-Cloud-Domination-307831/' target='_blank'>http://www.eweek.com/c/a/Cloud-Computing/AWS-Innovation-Means-Cloud-Domination-307831/</a></li><li>CSTI General Assembly 2012, Washington, D.C., USA Technical Activities Coordinating Committee (TACC) Meeting, Data Management, Cloud Computing and the Long Tail of Science October 2012 Dennis Gannon</li><li>Dan Reed Roger Barga Dennis Gannon Rich Wolski <a href='http://research.microsoft.com/en-us/people/barga/sc09_cloudcomp_tutorial.pdf' target='_blank'>http://research.microsoft.com/en-us/people/barga/sc09_cloudcomp_tutorial.pdf</a></li><li><a href='http://research.microsoft.com/en-us/um/redmond/events/cloudfutures2012/tuesday/Keynote_OpportunitiesAndChallenges_Yousef_Khalidi.pdf' target='_blank'>http://research.microsoft.com/en-us/um/redmond/events/cloudfutures2012/tuesday/Keynote_OpportunitiesAndChallenges_Yousef_Khalidi.pdf</a></li><li><a href='http://www.datacenterknowledge.com/archives/2011/05/10/uptime-institute-the-average-pue-is-1-8/' target='_blank'>http://www.datacenterknowledge.com/archives/2011/05/10/uptime-institute-the-average-pue-is-1-8/</a></li><li><a href='http://loosebolts.wordpress.com/2008/12/02/our-vision-for-generation-4-modular-data-centers-one-way-of-getting-it-just-right/' target='_blank'>http://loosebolts.wordpress.com/2008/12/02/our-vision-for-generation-4-modular-data-centers-one-way-of-getting-it-just-right/</a></li><li><a href='http://www.mediafire.com/file/zzqna34282frr2f/koomeydatacenterelectuse2011finalversion.pdf' target='_blank'>http://www.mediafire.com/file/zzqna34282frr2f/koomeydatacenterelectuse2011finalversion.pdf</a></li><li><a href='http://www.slideshare.net/JensNimis/cloud-computing-tutorial-jens-nimis' target='_blank'>http://www.slideshare.net/JensNimis/cloud-computing-tutorial-jens-nimis</a></li><li><a href='http://www.slideshare.net/botchagalupe/introduction-to-clouds-cloud-camp-columbus' target='_blank'>http://www.slideshare.net/botchagalupe/introduction-to-clouds-cloud-camp-columbus</a></li><li><a href='http://www.venus-c.eu/Pages/Home.aspx' target='_blank'>http://www.venus-c.eu/Pages/Home.aspx</a></li><li>Geoffrey Fox and Dennis Gannon Using Clouds for Technical Computing To be published in Proceedings of HPC 2012 Conference at Cetraro, Italy June 28 2012 <a href='http://grids.ucs.indiana.edu/ptliupages/publications/Clouds_Technical_Computing_FoxGannonv2.pdf' target='_blank'>http://grids.ucs.indiana.edu/ptliupages/publications/Clouds_Technical_Computing_FoxGannonv2.pdf</a></li><li><a href='http://berkeleydatascience.files.wordpress.com/2012/01/20120119berkeley.pdf' target='_blank'>http://berkeleydatascience.files.wordpress.com/2012/01/20120119berkeley.pdf</a></li><li>Taming The Big Data Tidal Wave: Finding Opportunities in Huge Data Streams with Advanced Analytics, Bill Franks Wiley ISBN: 978-1-118-20878-6</li><li>Anjul Bhambhri, VP of Big Data, IBM <a href='http://fisheritcenter.haas.berkeley.edu/Big_Data/index.html' target='_blank'>http://fisheritcenter.haas.berkeley.edu/Big_Data/index.html</a></li><li><a href='http://cs.metrostate.edu/~sbd/slides/Sun.pdf' target='_blank'>http://cs.metrostate.edu/~sbd/slides/Sun.pdf</a></li><li>Conquering Big Data with the Oracle Information Model, Helen Sun, Oracle <a href='http://cs.metrostate.edu/~sbd/slides/Sun.pdf' target='_blank'>http://cs.metrostate.edu/~sbd/slides/Sun.pdf</a></li><li>Hugh Williams VP Experience, Search & Platforms, eBay <a href='http://fisheritcenter.haas.berkeley.edu/Big_Data/Williams.pdf' target='_blank'>http://fisheritcenter.haas.berkeley.edu/Big_Data/Williams.pdf</a></li></ul>",,"<p>Geoffrey opens up with a discussion of Cloud (Data Center) Architectures with physical setup, Green Computing issues and software models. A discussion of Cloud Industry stakeholders is followed by applications on the cloud including data intensive problems and comparison with high performance computing. Remarks on Security, Fault Tolerance and Synchronicity issues in cloud follow. The Big Data Processing from an application perspective with commercial examples including eBay concludes unit.</p>",,XIBD1_Cloud_3v1,1h 6min,PLy0VLh_GFyz_Y1uzqmuDlh5BH8W4_SBgM,7,Infrastructure and Technologies for Big Data X-Informatics,,,,e22e4329-b7aa-4ace-beea-8591d9c7db03
28,A,Peer_review_Homework_7.1,Section 7 Homework 1,,True,,,,,,,,,7,Peer Reviewed Homework,,,,
29,A,Peer_review_Homework_7.2,Section 7 Homework 2,,True,,,,,,,,,7,Peer Reviewed Homework,,,,
30,U,21,X-Informatics Web Search and Text Mining I,Available Now,True,,"<ul><li><a href='http://saedsayad.com/data_mining_map.htm' target='_blank'>http://saedsayad.com/data_mining_map.htm</a></li><li><a href='http://webcourse.cs.technion.ac.il/236621/Winter2011-2012/en/ho_Lectures.html' target='_blank'>http://webcourse.cs.technion.ac.il/236621/Winter2011-2012/en/ho_Lectures.html</a></li><li>The Web Graph: an Overview Jean-Loup Guillaume and Matthieu Latapy <a href='http://hal.archives-ouvertes.fr/docs/00/05/44/58/PDF/webgraph.pdf' target='_blank'>http://hal.archives-ouvertes.fr/docs/00/05/44/58/PDF/webgraph.pdf</a></li><li>Constructing a reliable Web graph with information on browsing behavior, Yiqun Liu, Yufei Xue, Danqing Xu, Rongwei Cen, Min Zhang, Shaoping Ma, Liyun Ru <a href='http://www.sciencedirect.com/science/article/pii/S0167923612001844' target='_blank'>http://www.sciencedirect.com/science/article/pii/S0167923612001844</a></li><li><a href='http://www.ifis.cs.tu-bs.de/teaching/ss-11/irws' target='_blank'>http://www.ifis.cs.tu-bs.de/teaching/ss-11/irws</a></li></ul>",,"<p>Geoffrey starts this unit with an overview of data mining and noting our study of classification, clustering and exploration methods. We examine the problem to be solved in web and text search and note the relevance of history with libraries, catalogs and concordances. An overview of web search is given describing the continued evolution of search engines and the relation to the field of Information Retrieval.</p><p>The importance of recall, precision and diversity is discussed. The important Bag of Words model is introduced and both Boolean queries and the more general fuzzy indices. The important vector space model and revisiting the Cosinne Similarity as a distance in this bag follows. The basic TF-IDF approach is discussed. Relevance is discussed with a probabilistic model while the distinction between Bayesian and frequency views of probability distribution completes this unit.</p>","<p>This section starts with an overview of data mining and puts our study of classification, clustering and exploration methods in context. We examine the problem to be solved in web and text search and note the relevance of history with libraries, catalogs and concordances. An overview of web search is given describing the continued evolution of search engines and the relation to the field of Information Retrieval. The importance of recall, precision and diversity is discussed. The important Bag of Words model is introduced and both Boolean queries and the more general fuzzy indices. The important vector space model and revisiting the Cosine Similarity as a distance in this bag follows. The basic TF-IDF approach is dis cussed. Relevance is discussed with a probabilistic model while the distinction between Bayesian and frequency views of probability distribution completes this unit. Geoffrey starts with an overview of the different steps (data analytics) in web search and then goes key steps in detail starting with document preparation. An inverted index is described and then how it is prepared for web search. The Boolean and Vector Space approach to query processing follow. This is followed by Link Structure Analysis including Hubs, Authorities and PageRank. The application of PageRank ideas as reputation outside web search is covered. The web graph structure, crawling it and issues in web advertising and search follow. The use of clustering and topic models completes section.</p>",XIBD1_WebIR_1v1,1h 37min,PLy0VLh_GFyz9PysPow9c27Y9FHmUQu-_Y,8,X= Web Search Informatics,WebSearch.jpg,3h,,c59b8cb2-ddc6-48b0-88ea-222aa094385e
31,U,22,X-Informatics Web Search and Text Mining II,Available Now,True,,<ul><li><a href='http://www.ifis.cs.tu-bs.de/teaching/ss-11/irws' target='_blank'>http://www.ifis.cs.tu-bs.de/teaching/ss-11/irws</a></li><li><a href='http://en.wikipedia.org/wiki/PageRank' target='_blank'>http://en.wikipedia.org/wiki/PageRank</a></li><li><a href='http://webcourse.cs.technion.ac.il/236621/Winter2011-2012/en/ho_Lectures.html' target='_blank'>http://webcourse.cs.technion.ac.il/236621/Winter2011-2012/en/ho_Lectures.html</a></li><li>Meeker/Wu May 29 2013 Internet Trends D11 Conference <a href='http://www.slideshare.net/kleinerperkins/kpcb-internet-trends-2013' target='_blank'>http://www.slideshare.net/kleinerperkins/kpcb-internet-trends-2013</a></li></ul>,,"<p>Geoffrey starts with an overview of the different steps (data analytics) in web search and then goes key steps in detail starting with document preparation. An inverted index is described and then how it is prepared for web search. The Boolean and Vector Space approach to query processing follow.</p><p>This is followed by Link Structure Analysis including Hubs, Authorities and PageRank. The application of PageRank ideas as reputation outside web search is covered. The web graph structure, crawling it and issues in web advertising and search follow. The use of clustering and topic models completes unit.</p>",,XIBD1_WebIR_2v1,1h 23min,PLy0VLh_GFyz9byQ6UtKhC2LGfRYix40JE,8,X= Web Search Informatics,,,,c59b8cb2-ddc6-48b0-88ea-222aa094385e
32,A,Peer_review_Homework_8.1,Section 8 Homework 1,,True,,,,,,,,,8,Peer Reviewed Homework,,,,
33,A,Peer_review_Homework_8.2,Section 8 Homework 2,,True,,,,,,,,,8,Peer Reviewed Homework,,,,
34,U,23,Technology for X-Informatics: PageRank (Python Track),Available Now,True,Python,,<ul><li><a href=/assets/files/unit_19/pagerank1.py target=_blank>pagerank1.py</a></li><li><a href=/assets/files/unit_19/pagerank2.py target=_blank>pagerank2.py</a></li></ul>,<p>Geoffrey uses Python to Calculate PageRank from Web Linkage Matrix showing several different formulations of the basic matrix equations to finding leading eigenvector. The unit is concluded by a calculation of PageRank for general web pages by extracting the secret from Google.</p>,<p>Geoffrey uses the K-means Python code in SciPy package to show real code for clustering. After a simple example we generate 4 clusters of distinct centers and various choice for sizes using Matplotlib tor visualization. We show results can sometimes be incorrect and sometimes make different choices among comparable solutions. We discuss the ''hill'' between different solutions and rationale for running K-means many times and choosing best answer. Then we introduce MapReduce with the basic architecture and a homely example. The discussion of advanced topics includes an extension to Iterative MapReduce from Indiana University called Twister and a generalized Map Collective model. Some measurements of parallel performance are given. The SciPy K-means code is modified to support a MapReduce execution style. This illustrates the key ideas of mappers and reducers. With appropriate runtime this code would run in parallel but here the ''parallel'' maps run sequentially. This simple 2 map version can be generalized to scalable parallelism. Python is used to Calculate PageRank from Web Linkage Matrix showing several different formulations of the basic matrix equations to finding leading eigenvector. The unit is concluded by a calculation of PageRank for general web pages by extracting the secret from Google.</p>,XIBD1_PageR_1v1,29min,PLy0VLh_GFyz9Qs2WWKNo7z5ALj2whsoKL,9,Technology for X-Informatics,Technology.jpg,1h 58min,,49df945a-b342-4d3d-bf65-cc405d63b6d2
35,U,24,Technology for X-Informatics: K-means (Python Track),Available Now,True,Python,,<ul><li><a href=/assets/files/unit_16/xmean.py target=_blank>xmean.py</a></li><li><a href=/assets/files/unit_16/sample.csv target=_blank>sample.csv</a></li><li><a href=/assets/files/unit_16/ParallelKmeans.py target=_blank>ParallelKmeans.py</a></li><li><a href=/assets/files/unit_16/KmeansExtra.py target=_blank>KmeansExtra.py</a></li></ul>,<p>Geoffrey uses the K-means Python code in SciPy package to show real code for clustering. After a simple example we generate 4 clusters of distinct centers and various choice for sizes using Matplotlib tor visualization. We show results can sometimes be incorrect and sometimes make different choices among comparable solutions. We discuss the ''hill'' between different solutions and rationale for running K-means many times and choosing best answer.</p>,,XIBD1_Kmeans_1v1,42min,PLy0VLh_GFyz_e0QtDJQJRo50CKYkdMvmW,9,Technology for X-Informatics,,,,49df945a-b342-4d3d-bf65-cc405d63b6d2
36,U,25,Technology for X-Informatics: MapReduce,Available Now,True,,,,<p>Geoffrey's introduction to MapReduce describes the basic architecture and a homely example. The discussion of advanced topics includes extension to Iterative MapReduce from Indiana University called Twister and a generalized Map Collective model. Some measurements of parallel performance are given</p>,,XIBD1_MR_1v1,30min,PLy0VLh_GFyz8DwEDu7tHJIFe9vDXw_mFV,9,Technology for X-Informatics,,,,49df945a-b342-4d3d-bf65-cc405d63b6d2
37,U,26,Technology for X-Informatics: Kmeans and MapReduce Parallelism (Python Track),Available Now,True,Python,,<ul><li><a href='/assets/files/unit_26/ParallelKmeans.py' target=_blank>ParallelKmeans.py</a></li></ul>,<p>Geoffrey modifies the SciPy K-means code to support a MapReduce execution style and runs it in this short unit. This illustrates the key ideas of mappers and reducers. With appropriate runtime this code would run in parallel but here the ''parallel'' maps run sequentially. Geoffrey stresses that this simple 2 map version can be generalized to scalable parallelism.</p>,,XIBD1_KmeansMR_1v1,17min,PLy0VLh_GFyz_Vfayurwo7GuoAkuvkM4jG,9,Technology for X-Informatics,,,,49df945a-b342-4d3d-bf65-cc405d63b6d2
38,A,Peer_review_Homework_9.1,Section 9 Homework 1,,True,,,,,,,,,9,Peer Reviewed Homework,,,,
39,U,27,X-Informatics Case Study: Health Informatics,Available Now,True,,<ul><li><a href='http://www.genome.gov/sequencingcosts/' target='_blank'>http://www.genome.gov/sequencingcosts/</a></li><li><a href='http://grids.ucs.indiana.edu/ptliupages/publications/Where%20does%20all%20the%20data%20come%20from%20v7.pdf' target='_blank'>http://grids.ucs.indiana.edu/ptliupages/publications/Where%20does%20all%20the%20data%20come%20from%20v7.pdf</a></li><li><a href='http://quantifiedself.com/larry-smarr/' target='_blank'>http://quantifiedself.com/larry-smarr/</a></li><li><a href='http://www.oerc.ox.ac.uk/downloads/presentations-from-events/microsoftworkshop/gannon' target='_blank'>http://www.oerc.ox.ac.uk/downloads/presentations-from-events/microsoftworkshop/gannon</a></li><li><a href='http://www.ieee-icsc.org/ICSC2010/Tony%20Hey%20-%2020100923.pdf' target='_blank'>http://www.ieee-icsc.org/ICSC2010/Tony%20Hey%20-%2020100923.pdf</a></li><li><a href='http://www.ebi.ac.uk/Information/Brochures/' target='_blank'>http://www.ebi.ac.uk/Information/Brochures/</a></li><li><a href='http://www.mckinsey.com/~/media/McKinsey/dotcom/Insights/Health%20care/The%20big-data%20revolution%20in%20US%20health%20care/The%20big-data%20revolution%20in%20US%20health%20care%20Accelerating%20value%20and%20innovation.ashx' target='_blank'>http://www.mckinsey.com/~/media/McKinsey/dotcom/Insights/Health%20care/The%20big-data%20revolution%20in%20US%20health%20care/The%20big-data%20revolution%20in%20US%20health%20care%20Accelerating%20value%20and%20innovation.ashx</a> (register first)</li><li><a href='http://www.mckinsey.com/insights/health_systems_and_services/~/media/mckinsey/dotcom/insights/health%20care/the%20big-data%20revolution%20in%20us%20health%20care/the_big_data_revolution_in_healthcare.ashx' target='_blank'>http://www.mckinsey.com/insights/health_systems_and_services/~/media/mckinsey/dotcom/insights/health%20care/the%20big-data%20revolution%20in%20us%20health%20care/the_big_data_revolution_in_healthcare.ashx</a> (register first)</li><li><a href='https://partner.microsoft.com/download/global/40193764' target='_blank'>https://partner.microsoft.com/download/global/40193764</a></li><li><a href='http://ec.europa.eu/information_society/activities/health/docs/policy/taskforce/redesigning_health-eu-for2020-ehtf-report2012.pdf' target='_blank'>http://ec.europa.eu/information_society/activities/health/docs/policy/taskforce/redesigning_health-eu-for2020-ehtf-report2012.pdf</a></li><li><a href='http://healthinformatics.wikispaces.com/file/view/cloud_computing.ppt' target='_blank'>http://healthinformatics.wikispaces.com/file/view/cloud_computing.ppt</a></li><li><a href='http://www.nextbio.com/b/nextbioCorp.nb' target='_blank'>http://www.nextbio.com/b/nextbioCorp.nb</a></li><li><a href='http://grids.ucs.indiana.edu/ptliupages/publications/ecmls72i-stanberry.pdf' target='_blank'>http://grids.ucs.indiana.edu/ptliupages/publications/ecmls72i-stanberry.pdf</a></li><li><a href='http://www.geatbx.com/docu/fcnindex-01.html' target='_blank'>http://www.geatbx.com/docu/fcnindex-01.html</a></li><li><a href='http://grids.ucs.indiana.edu/ptliupages/publications/DACIDR_camera_ready_v0.3.pdf' target='_blank'>http://grids.ucs.indiana.edu/ptliupages/publications/DACIDR_camera_ready_v0.3.pdf</a></li><li><a href='http://salsahpc.indiana.edu/millionseq/' target='_blank'>http://salsahpc.indiana.edu/millionseq/</a></li><li><a href='http://salsafungiphy.blogspot.com/' target='_blank'>http://salsafungiphy.blogspot.com/</a></li><li>See PlotViz SideMOOC with associated data from there <ul><li>OilFlowData.out.pviz or OilFlowData.out.txt  Oil Flow data from <a href='http://salsahpc.indiana.edu/pviz3/#screenshots' target='_blank'>http://salsahpc.indiana.edu/pviz3/#screenshots</a></li><li>446041_sequences_100K_fixed_collage.pviz 446K Fungi points from MDS <a href='http://salsabiology.blogspot.com/p/introduction.html' target='_blank'>http://salsabiology.blogspot.com/p/introduction.html</a></li><li>100KMetagenomics.pviz 100K Metagenomics data from MDS <a href='http://salsabiology.blogspot.com/p/introduction.html' target='_blank'>http://salsabiology.blogspot.com/p/introduction.html</a></li></ul></li></ul>,,"<p>Geoffrey starts by discussing general aspects of Big Data and Health including data sizes, different areas including genomics, EBI, radiology and the Quantified Self movement. We survey an April 2013 McKinsey report on the Big Data revolution in US health care; a Microsoft report in this area and a European Union report on how Big Data will allow patient centered care in the future. Some remarks on Cloud computing and Health focus on security and privacy issues. The final topic is Genomics, Proteomics and Information Visualization.</p>","<p>Geoffrey starts by discussing general aspects of Big Data and Health including data sizes, different areas including genomics, EBI, radiology and the Quantified Self movement. We survey an April 2013 McKinsey report on the Big Data revolution in US health care; a Microsoft report in this area and a European Union report on how Big Data will allow patient centered care in the future. Some remarks on Cloud computing and Health focus on security and privacy issues. The final topic is Genomics, Proteomics and Information Visualization.</p>",XIBD1_Health_1v1,1h 2min,PLy0VLh_GFyz969ZEsuZbjOjiuunKITnvt,10,X= Health Informatics,Health.jpg,1h 2min,,b976603d-fec9-4884-ab23-5773ddf51d53
40,A,Peer_review_Homework_10.1,Section 10 Homework 1,,True,,,,,,,,,10,Peer Reviewed Homework,,,,
41,U,28,X-Informatics Case Study: Sensors,Available Now,True,,<ul><li><a href='https://sites.google.com/site/opensourceiotcloud/' target='_blank'>https://sites.google.com/site/opensourceiotcloud/</a></li><li><a href='http://grids.ucs.indiana.edu/ptliupages/publications/cts_2012_paper-2.pdf' target='_blank'>http://grids.ucs.indiana.edu/ptliupages/publications/cts_2012_paper-2.pdf</a></li><li>Meeker/Wu May 29 2013 Internet Trends D11 Conference <a href='http://www.slideshare.net/kleinerperkins/kpcb-internet-trends-2013' target='_blank'>http://www.slideshare.net/kleinerperkins/kpcb-internet-trends-2013</a></li><li><a href='http://www.nytimes.com/2005/10/05/technology/techspecial/05oconnell.html?ex=1286164800&en=4a368c49e8f30bd2&ei=5088' target='_blank'>http://www.nytimes.com/2005/10/05/technology/techspecial/05oconnell.html?ex=1286164800&en=4a368c49e8f30bd2&ei=5088</a></li><li><a href='http://www.academia.edu/1731078/Korean_Ubiquitous_Society_Visions' target='_blank'>http://www.academia.edu/1731078/Korean_Ubiquitous_Society_Visions</a></li><li><a href='http://courses.engr.illinois.edu/cs598tar/fa2010/ClassNotes/Grid.ppt' target='_blank'>http://courses.engr.illinois.edu/cs598tar/fa2010/ClassNotes/Grid.ppt</a></li></ul>,,"<p>Geoffrey starts with the Internet of Things giving examples like monitors of machine operation, QR codes, surveillance cameras, scientific sensors, drones and self driving cars and more generally transportation systems. Sensor clouds control these many small distributed devices. More detail is given for radar data gathered by sensors; ubiquitous or smart cities and homes including U-Korea; and finally the smart electric grid.</p>","<p>Geoffrey starts with the Internet of Things giving examples like monitors of machine operation, QR codes, surveillance cameras, scientific sensors, drones and self driving cars and more generally transportation systems. Sensor clouds control these many small distributed devices. More detail is given for radar data gathered by sensors; ubiquitous or smart cities and homes including U-Korea; and finally the smart electric grid.</p>",XIBD1_Sensors_1v1,32min,PLy0VLh_GFyz-g6DHfhbz8LMzKddOnKnL-,11,X= Sensor Informatics,Sensors.jpg,32min,,d8cfa0ec-0abc-4c20-a150-89e75ef51a46
42,A,Peer_review_Homework_11.1,Section 11 Homework 1,,True,,,,,,,,,11,Peer Reviewed Homework,,,,
43,U,29,X-Informatics Case Study: Radar,Available Now,True,,,,"<p>The changing global climate is suspected to have long-term effects on much of the world's inhabitants. Among the various effects, the rising sea level will directly affect many people living in low-lying coastal regions. While the ocean-s thermal expansion has been the dominant contributor to rises in sea level, the potential contribution of discharges from the polar ice sheets in Greenland and Antarctica may provide a more significant threat due to the unpredictable response to the changing climate. The Radar-Informatics unit provides a glimpse in the processes fueling global climate change and explains what methods are used for ice data acquisitions and analysis. </p>",,XIBD1_Radar_1v1,21min,PLy0VLh_GFyz88t9yylbmYw0QuoW1cHG7F,12,X= Radar Informatics,Radar.jpg,21min,,91e1bc21-f543-4ac8-b797-c270278b6880
44,A,Peer_review_Homework_12.1,Section 12 Homework 1,,True,,,,,,,,,12,Peer Reviewed Homework,,,,
45,A,Peer_review_Final,Final Assessment,,True,,,,,,,,,,Final Assessment,,,,
46,A,Survey,Survey,,True,,,,,,,,,,Survey,,,,